"crim","zn","indus","chas","nox","rm","age","dis","rad","tax","ptratio","b","lstat"
26.157783095728,18,2.31,0,0.538,6.575,65.2,4.09,1,296,15.3,396.9,4.98
22.9612031415372,0,7.07,0,0.469,6.421,78.9,4.9671,2,242,17.8,396.9,9.14
19.1692417548036,0,7.07,0,0.469,7.185,61.1,4.9671,2,242,17.8,392.83,4.03
17.3551603063775,0,2.18,0,0.458,6.998,45.8,6.0622,3,222,18.7,394.63,2.94
19.0635092642289,0,2.18,0,0.458,7.147,54.2,6.0622,3,222,18.7,396.9,5.33
18.2852073944988,0,2.18,0,0.458,6.43,58.7,6.0622,3,222,18.7,394.12,5.21
36.01649204823,12.5,7.87,0,0.524,6.012,66.6,5.5605,5,311,15.2,395.6,12.43
39.5479852291117,12.5,7.87,0,0.524,6.172,96.1,5.9505,5,311,15.2,396.9,19.15
51.0344427570126,12.5,7.87,0,0.524,5.631,100,6.0821,5,311,15.2,386.63,29.93
39.0436259070649,12.5,7.87,0,0.524,6.004,85.9,6.5921,5,311,15.2,386.71,17.1
41.1858944049589,12.5,7.87,0,0.524,6.377,94.3,6.3467,5,311,15.2,392.52,20.45
35.1626167007448,12.5,7.87,0,0.524,6.009,82.9,6.2267,5,311,15.2,396.9,13.27
42.0308744428271,12.5,7.87,0,0.524,5.889,39,5.4509,5,311,15.2,390.5,15.71
31.446247168667,0,8.14,0,0.538,5.949,61.8,4.7075,4,307,21,396.9,8.26
31.1022382846823,0,8.14,0,0.538,6.096,84.5,4.4619,4,307,21,380.02,10.26
32.3046069443765,0,8.14,0,0.538,5.834,56.5,4.4986,4,307,21,395.62,8.47
33.1138808446208,0,8.14,0,0.538,5.935,29.3,4.4986,4,307,21,386.85,6.58
36.061149489729,0,8.14,0,0.538,5.99,81.7,4.2579,4,307,21,386.75,14.67
37.1616804067035,0,8.14,0,0.538,5.456,36.6,3.7965,4,307,21,288.99,11.69
33.5010174740085,0,8.14,0,0.538,5.727,69.5,3.7965,4,307,21,390.95,11.28
41.5769823722378,0,8.14,0,0.538,5.57,98.1,3.7979,4,307,21,376.57,21.02
34.3704980011847,0,8.14,0,0.538,5.965,89.2,4.0123,4,307,21,392.53,13.83
38.6684021153637,0,8.14,0,0.538,6.142,91.7,3.9769,4,307,21,396.9,18.72
39.2250651994206,0,8.14,0,0.538,5.813,100,4.0952,4,307,21,394.54,19.88
36.7011123683498,0,8.14,0,0.538,5.924,94.1,4.3996,4,307,21,394.33,16.3
37.8619322026743,0,8.14,0,0.538,5.599,85.7,4.4546,4,307,21,303.42,16.51
35.4982960960591,0,8.14,0,0.538,5.813,90.3,4.682,4,307,21,376.88,14.81
37.7659523481633,0,8.14,0,0.538,6.047,88.8,4.4534,4,307,21,306.38,17.28
32.5804624722444,0,8.14,0,0.538,6.495,94.4,4.4547,4,307,21,387.94,12.8
32.2041925102447,0,8.14,0,0.538,6.674,87.3,4.239,4,307,21,380.23,11.98
42.9590716512541,0,8.14,0,0.538,5.713,94.1,4.233,4,307,21,360.17,22.6
32.6213942242162,0,8.14,0,0.538,6.072,100,4.175,4,307,21,376.73,13.04
49.8275011359588,0,8.14,0,0.538,5.95,82,3.99,4,307,21,232.6,27.71
38.7837151538078,0,8.14,0,0.538,5.701,95,3.7872,4,307,21,358.77,18.35
39.8049606716925,0,8.14,0,0.538,6.096,96.9,3.7598,4,307,21,248.31,20.34
28.8602620146177,0,5.96,0,0.499,5.933,68.2,3.3603,5,279,19.2,396.9,9.68
31.5291922483931,0,5.96,0,0.499,5.841,61.4,3.3779,5,279,19.2,377.56,11.41
30.9810789424539,0,5.96,0,0.499,5.85,41.5,3.9342,5,279,19.2,396.9,8.77
33.6888909220263,0,5.96,0,0.499,5.966,30.2,3.8473,5,279,19.2,393.43,10.13
24.9829781891931,75,2.95,0,0.428,6.595,21.8,5.4011,3,252,18.3,395.63,4.32
23.1611945630063,75,2.95,0,0.428,7.024,15.8,5.4011,3,252,18.3,395.62,1.98
25.3287990448183,0,6.91,0,0.448,6.77,2.9,5.7209,3,233,17.9,385.41,4.84
25.9464013073261,0,6.91,0,0.448,6.169,6.6,5.7209,3,233,17.9,383.37,5.81
27.7852461122419,0,6.91,0,0.448,6.211,6.5,5.7209,3,233,17.9,394.46,7.44
26.4418777484838,0,6.91,0,0.448,6.069,40,5.7209,3,233,17.9,389.39,9.55
27.8657930776299,0,6.91,0,0.448,5.682,33.8,5.1004,3,233,17.9,396.9,10.21
31.8186465272551,0,6.91,0,0.448,5.786,33.3,5.1004,3,233,17.9,396.9,14.15
31.3507359171536,0,6.91,0,0.448,6.03,85.5,5.6894,3,233,17.9,392.74,18.8
42.4545455997104,0,6.91,0,0.448,5.399,95.3,5.87,3,233,17.9,396.9,30.81
30.9154173281434,0,6.91,0,0.448,5.602,62,6.0877,3,233,17.9,396.9,16.2
31.1184261672323,21,5.64,0,0.439,5.963,45.7,6.8147,4,243,16.8,395.56,13.45
24.9986146043819,21,5.64,0,0.439,6.115,63,6.8147,4,243,16.8,393.97,9.43
25.0367225520311,21,5.64,0,0.439,6.511,21.1,6.8147,4,243,16.8,396.9,5.28
28.4155562735516,21,5.64,0,0.439,5.998,21.4,6.8147,4,243,16.8,396.9,8.43
59.8060352294333,75,4,0,0.41,5.888,47.6,7.3197,3,469,21.1,396.9,14.8
22.5314968225334,90,1.22,0,0.403,7.249,21.9,8.6966,5,226,17.9,395.93,4.81
32.0029659346928,85,0.74,0,0.41,6.383,35.7,9.1876,2,313,17.3,396.9,5.77
22.977006578442,100,1.32,0,0.411,6.816,40.5,8.3248,5,256,15.1,392.9,3.95
30.4710042745015,25,5.13,0,0.453,6.145,29.2,7.8148,8,284,19.7,390.68,6.86
31.2444543693238,25,5.13,0,0.453,5.927,47.2,6.932,8,284,19.7,396.9,9.22
33.4858539008697,25,5.13,0,0.453,5.741,66.2,7.2254,8,284,19.7,395.11,13.15
31.6744136742483,25,5.13,0,0.453,5.966,93.4,6.8185,8,284,19.7,378.08,14.44
26.3763988693743,25,5.13,0,0.453,6.456,67.8,7.2255,8,284,19.7,396.9,6.73
31.9147603451413,25,5.13,0,0.453,6.762,43.4,7.9809,8,284,19.7,395.58,9.5
20.8972796146345,17.5,1.38,0,0.4161,7.104,59.5,9.2229,3,216,18.6,393.24,8.05
35.2539028889322,80,3.37,0,0.398,6.29,17.8,6.6115,4,337,16.1,396.9,4.67
39.9852559274813,80,3.37,0,0.398,5.787,31.1,6.6115,4,337,16.1,396.9,10.24
40.2023605865359,12.5,6.07,0,0.409,5.878,21.4,6.498,4,345,18.9,396.21,8.1
43.3086660657178,12.5,6.07,0,0.409,5.594,36.8,6.498,4,345,18.9,396.9,13.09
39.6086481854219,12.5,6.07,0,0.409,5.885,33,6.498,4,345,18.9,396.9,8.79
35.1623603358093,0,10.81,0,0.413,6.417,6.6,5.2873,4,305,19.2,383.73,6.72
37.538996915774,0,10.81,0,0.413,5.961,17.5,5.2873,4,305,19.2,376.94,9.88
33.9655909983292,0,10.81,0,0.413,6.065,7.8,5.2873,4,305,19.2,390.91,5.52
35.7065997979111,0,10.81,0,0.413,6.245,6.2,5.2873,4,305,19.2,377.17,7.54
46.5897854588877,0,12.83,0,0.437,6.273,6,4.2515,5,398,18.7,394.92,6.78
44.6815761697653,0,12.83,0,0.437,6.286,45,4.5026,5,398,18.7,383.23,8.94
43.888914529623,0,12.83,0,0.437,6.279,74.5,4.0522,5,398,18.7,373.66,11.97
45.8609644406426,0,12.83,0,0.437,6.14,45.8,4.0905,5,398,18.7,386.96,10.27
47.5184337563613,0,12.83,0,0.437,6.232,53.7,5.0141,5,398,18.7,386.4,12.34
45.4007075595307,0,12.83,0,0.437,5.874,36.6,4.5026,5,398,18.7,396.06,9.1
28.0340057743249,25,4.86,0,0.426,6.727,33.5,5.4007,4,281,19,396.9,5.29
26.2314165795271,25,4.86,0,0.426,6.619,70.4,5.4007,4,281,19,395.63,7.22
29.6012730997186,25,4.86,0,0.426,6.302,32.2,5.4007,4,281,19,396.9,6.72
29.1000361982245,25,4.86,0,0.426,6.167,46.7,5.4007,4,281,19,390.64,7.51
27.2105086148905,0,4.49,0,0.449,6.389,48,4.7794,3,247,18.5,396.9,9.62
23.0472942653416,0,4.49,0,0.449,6.63,56.1,4.4377,3,247,18.5,392.3,6.53
31.003099957804,0,4.49,0,0.449,6.015,45.1,4.4272,3,247,18.5,395.99,12.86
25.0714164284243,0,4.49,0,0.449,6.121,56.8,3.7476,3,247,18.5,395.15,8.44
21.3335624437883,0,3.41,0,0.489,7.007,86.3,3.4217,2,270,17.8,396.9,5.5
24.1954149923753,0,3.41,0,0.489,7.079,63.1,3.4145,2,270,17.8,396.06,5.7
27.064819424308,0,3.41,0,0.489,6.417,66.1,3.0923,2,270,17.8,392.18,8.81
25.6561489922136,0,3.41,0,0.489,6.405,73.9,3.0921,2,270,17.8,393.55,8.2
27.726348087559,28,15.04,0,0.464,6.442,53.6,3.6659,4,270,18.2,395.01,8.16
28.212555590353,28,15.04,0,0.464,6.211,28.9,3.6659,4,270,18.2,396.33,6.21
27.8768662672957,28,15.04,0,0.464,6.249,77.3,3.615,4,270,18.2,396.9,10.59
26.37692959317,0,2.89,0,0.445,6.625,57.8,3.4952,2,276,18,357.98,6.65
30.1214679674894,0,2.89,0,0.445,6.163,69.6,3.4952,2,276,18,391.83,11.34
21.8939588725091,0,2.89,0,0.445,8.069,76,3.4952,2,276,18,396.9,4.21
25.3444246010567,0,2.89,0,0.445,7.82,36.9,3.4952,2,276,18,393.53,3.57
25.4255838867242,0,2.89,0,0.445,7.416,62.5,3.4952,2,276,18,396.9,6.19
39.9574539896887,0,8.56,0,0.52,6.727,79.9,2.7778,5,384,20.9,394.76,9.42
38.9140618294578,0,8.56,0,0.52,6.781,71.3,2.8561,5,384,20.9,395.58,7.67
39.6851647743044,0,8.56,0,0.52,6.405,85.4,2.7147,5,384,20.9,70.8,10.63
42.3524595432154,0,8.56,0,0.52,6.137,87.4,2.7147,5,384,20.9,394.47,13.44
41.1184266671913,0,8.56,0,0.52,6.167,90,2.421,5,384,20.9,392.69,12.33
45.5265062869658,0,8.56,0,0.52,5.851,96.7,2.1069,5,384,20.9,394.05,16.47
48.8019668276034,0,8.56,0,0.52,5.836,91.9,2.211,5,384,20.9,395.67,18.66
44.0003175074266,0,8.56,0,0.52,6.127,85.2,2.1224,5,384,20.9,387.69,14.09
40.2993688859193,0,8.56,0,0.52,6.474,97.1,2.4329,5,384,20.9,395.24,12.27
45.4107916127132,0,8.56,0,0.52,6.229,91.2,2.5451,5,384,20.9,391.23,15.55
46.38978824655,0,8.56,0,0.52,6.195,54.4,2.7778,5,384,20.9,393.49,13
45.4859061909915,0,10.01,0,0.547,6.715,81.6,2.6775,6,432,17.8,395.59,10.16
50.3007013987853,0,10.01,0,0.547,5.913,92.9,2.3534,6,432,17.8,394.95,16.21
50.98694252557,0,10.01,0,0.547,6.092,95.4,2.548,6,432,17.8,396.9,17.09
45.708679129589,0,10.01,0,0.547,6.254,84.2,2.2565,6,432,17.8,388.74,10.45
50.0293702258705,0,10.01,0,0.547,5.928,88.2,2.4631,6,432,17.8,344.91,15.76
48.0486701924511,0,10.01,0,0.547,6.176,72.5,2.7301,6,432,17.8,393.3,12.04
46.3135990090492,0,10.01,0,0.547,6.021,82.6,2.7474,6,432,17.8,394.51,10.3
51.9388375180403,0,10.01,0,0.547,5.872,73.1,2.4775,6,432,17.8,338.63,15.37
50.8650487160572,0,10.01,0,0.547,5.731,65.2,2.7592,6,432,17.8,391.5,13.61
23.2267783313188,0,25.65,0,0.581,5.87,69.7,2.2577,2,188,19.1,389.15,14.37
21.5290116148955,0,25.65,0,0.581,6.004,84.1,2.1974,2,188,19.1,377.67,14.27
24.5549672931104,0,25.65,0,0.581,5.961,92.9,2.0869,2,188,19.1,378.09,17.93
31.9867828877745,0,25.65,0,0.581,5.856,97,1.9444,2,188,19.1,370.31,25.41
23.920081940103,0,25.65,0,0.581,5.879,95.8,2.0063,2,188,19.1,379.38,17.58
21.7533981111751,0,25.65,0,0.581,5.986,88.4,1.9929,2,188,19.1,385.02,14.81
34.3672112654975,0,25.65,0,0.581,5.613,95.6,1.7572,2,188,19.1,359.29,27.26
51.7457306475526,0,21.89,0,0.624,5.693,96,1.7883,4,437,21.2,392.11,17.19
49.0856022882701,0,21.89,0,0.624,6.431,98.8,1.8125,4,437,21.2,396.9,15.39
52.9844307979152,0,21.89,0,0.624,5.637,94.7,1.9799,4,437,21.2,396.9,18.34
47.1820323719377,0,21.89,0,0.624,6.458,98.9,2.1185,4,437,21.2,395.04,12.6
46.541536858378,0,21.89,0,0.624,6.326,97.7,2.271,4,437,21.2,396.9,12.26
45.9185437606742,0,21.89,0,0.624,6.372,97.9,2.3274,4,437,21.2,385.76,11.12
51.0912586201734,0,21.89,0,0.624,5.822,95.4,2.4699,4,437,21.2,388.69,15.03
53.3033554540315,0,21.89,0,0.624,5.757,98.4,2.346,4,437,21.2,262.76,17.31
52.4622276419627,0,21.89,0,0.624,6.335,98.2,2.1107,4,437,21.2,394.67,16.96
52.1559784818416,0,21.89,0,0.624,5.942,93.5,1.9669,4,437,21.2,378.25,16.9
48.2278362500718,0,21.89,0,0.624,6.454,98.4,1.8498,4,437,21.2,394.08,14.59
55.5031766412932,0,21.89,0,0.624,5.857,98.2,1.6686,4,437,21.2,392.04,21.32
54.0085973927902,0,21.89,0,0.624,6.151,97.9,1.6687,4,437,21.2,396.9,18.46
58.3818928776336,0,21.89,0,0.624,6.174,93.6,1.6119,4,437,21.2,388.08,24.16
68.0214804424397,0,21.89,0,0.624,5.019,100,1.4394,4,437,21.2,396.9,34.41
58.7679779519018,0,19.58,1,0.871,5.403,100,1.3216,5,403,14.7,396.9,26.82
57.5546070602024,0,19.58,0,0.871,5.468,100,1.4118,5,403,14.7,396.9,26.42
61.5540300231573,0,19.58,0,0.871,4.903,97.8,1.3459,5,403,14.7,396.9,29.29
58.185008422112,0,19.58,0,0.871,6.13,100,1.4191,5,403,14.7,172.91,27.8
47.68616988722,0,19.58,0,0.871,5.628,100,1.5166,5,403,14.7,169.27,16.65
59.8932629866796,0,19.58,0,0.871,4.926,95.7,1.4608,5,403,14.7,391.71,29.53
61.779965365837,0,19.58,0,0.871,5.186,93.8,1.5296,5,403,14.7,356.99,28.32
52.4099111713668,0,19.58,0,0.871,5.597,94.9,1.5257,5,403,14.7,351.85,21.45
44.2927625589378,0,19.58,0,0.871,6.122,97.3,1.618,5,403,14.7,372.8,14.1
43.048737331532,0,19.58,0,0.871,5.404,100,1.5916,5,403,14.7,341.6,13.28
44.4264475367887,0,19.58,1,0.871,5.012,88,1.6102,5,403,14.7,343.28,12.12
46.7855442112857,0,19.58,0,0.871,5.709,98.5,1.6232,5,403,14.7,261.95,15.79
45.2539641435117,0,19.58,1,0.871,6.129,96,1.7494,5,403,14.7,321.02,15.12
47.0614073985907,0,19.58,1,0.871,6.152,82.6,1.7455,5,403,14.7,88.01,15.02
46.6264413823865,0,19.58,0,0.871,5.272,94,1.7364,5,403,14.7,88.63,16.14
35.0677241852716,0,19.58,0,0.605,6.943,97.4,1.8773,5,403,14.7,363.43,4.59
35.9474147022175,0,19.58,0,0.605,6.066,100,1.7573,5,403,14.7,353.89,6.43
36.996151825209,0,19.58,0,0.871,6.51,100,1.7659,5,403,14.7,364.31,7.39
36.1375245555716,0,19.58,1,0.605,6.25,92.6,1.7984,5,403,14.7,338.92,5.5
32.0799987931202,0,19.58,0,0.605,7.489,90.8,1.9709,5,403,14.7,374.43,1.73
31.5390000499843,0,19.58,1,0.605,7.802,98.2,2.0407,5,403,14.7,389.61,1.92
33.8155630246172,0,19.58,1,0.605,8.375,93.9,2.162,5,403,14.7,388.45,3.32
43.4346447345479,0,19.58,0,0.605,5.854,91.8,2.422,5,403,14.7,395.11,11.64
40.4705273272796,0,19.58,0,0.605,6.101,93,2.2834,5,403,14.7,240.16,9.81
33.7139029830701,0,19.58,0,0.605,7.929,96.2,2.0459,5,403,14.7,369.3,3.7
44.4276676639586,0,19.58,0,0.605,5.877,79.2,2.4259,5,403,14.7,227.61,12.14
41.7494001284745,0,19.58,0,0.605,6.319,96.1,2.1,5,403,14.7,297.09,11.1
42.1052811650199,0,19.58,0,0.605,6.402,95.2,2.2625,5,403,14.7,330.04,11.32
46.3029533895109,0,19.58,0,0.605,5.875,94.6,2.4259,5,403,14.7,292.29,14.43
42.6187618972771,0,19.58,0,0.605,5.88,97.3,2.3887,5,403,14.7,348.13,12.03
34.260637483354,0,4.05,0,0.51,5.572,88.5,2.5961,5,296,16.6,396.9,14.69
28.4203578394824,0,4.05,0,0.51,6.416,84.1,2.6463,5,296,16.6,395.5,9.04
30.6054713194802,0,4.05,0,0.51,5.859,68.7,2.7019,5,296,16.6,393.23,9.64
30.0444556610873,0,4.05,0,0.51,6.546,33.1,3.1323,5,296,16.6,390.96,5.33
33.3293189001253,0,4.05,0,0.51,6.02,47.2,3.5549,5,296,16.6,393.23,10.11
26.6588205963116,0,4.05,0,0.51,6.315,73.4,3.3175,5,296,16.6,395.6,6.29
27.224805601288,0,4.05,0,0.51,6.86,74.4,2.9153,5,296,16.6,391.27,6.92
15.5279499391496,0,2.46,0,0.488,6.98,58.4,2.829,3,193,17.8,396.9,5.04
15.2796604731967,0,2.46,0,0.488,7.765,83.3,2.741,3,193,17.8,395.56,7.56
19.1303067968336,0,2.46,0,0.488,6.144,62.2,2.5979,3,193,17.8,396.9,9.45
11.155139314439,0,2.46,0,0.488,7.155,92.2,2.7006,3,193,17.8,394.12,4.82
11.678305076533,0,2.46,0,0.488,6.563,95.6,2.847,3,193,17.8,396.9,5.68
21.4206454489248,0,2.46,0,0.488,5.604,89.8,2.9879,3,193,17.8,391,13.98
22.6656411299628,0,2.46,0,0.488,6.153,68.8,3.2797,3,193,17.8,387.11,13.15
14.7170613823091,0,2.46,0,0.488,7.831,53.6,3.1992,3,193,17.8,392.63,4.45
41.7507132711859,45,3.44,0,0.437,6.782,41.1,3.7886,5,398,15.2,393.87,6.68
41.8520412144919,45,3.44,0,0.437,6.556,29.1,4.5667,5,398,15.2,382.84,4.56
41.3197817245265,45,3.44,0,0.437,7.185,38.9,4.5667,5,398,15.2,396.9,5.39
43.4392788616488,45,3.44,0,0.437,6.951,21.5,6.4798,5,398,15.2,377.68,5.1
40.6143172259452,45,3.44,0,0.437,6.739,30.8,6.4798,5,398,15.2,389.71,4.69
39.2425036164514,45,3.44,0,0.437,7.178,26.3,6.4798,5,398,15.2,390.49,2.87
28.441189679299,60,2.93,0,0.401,6.8,9.9,6.2196,1,265,15.6,393.37,5.03
26.9054329797212,60,2.93,0,0.401,6.604,18.8,6.2196,1,265,15.6,376.7,4.38
22.7839995401048,80,0.46,0,0.422,7.875,32,5.6484,4,255,14.4,394.23,2.97
32.2074712982553,80,1.52,0,0.404,7.287,34.1,7.309,2,329,12.6,396.9,4.08
36.5647237813135,80,1.52,0,0.404,7.107,36.6,7.309,2,329,12.6,354.31,8.61
34.816640496335,80,1.52,0,0.404,7.274,38.3,7.309,2,329,12.6,392.2,6.62
44.0681329054469,95,1.47,0,0.403,6.975,15.3,7.6534,3,402,17,396.9,4.56
42.4525212629699,95,1.47,0,0.403,7.135,13.9,7.6534,3,402,17,384.3,4.45
37.3893010865664,82.5,2.03,0,0.415,6.162,38.4,6.27,2,348,14.7,393.77,7.43
35.0011207431044,82.5,2.03,0,0.415,7.61,15.7,6.27,2,348,14.7,395.38,3.11
20.2250614122708,95,2.68,0,0.4161,7.853,33.2,5.118,4,224,14.7,392.78,3.81
19.1119517132477,95,2.68,0,0.4161,8.034,31.9,5.118,4,224,14.7,390.55,2.88
34.4075023536051,0,10.59,0,0.489,5.891,22.3,3.9454,4,277,18.6,396.9,10.87
31.8908644850896,0,10.59,0,0.489,6.326,52.5,4.3549,4,277,18.6,394.87,10.97
37.3516541055779,0,10.59,0,0.489,5.783,72.7,4.3549,4,277,18.6,389.43,18.06
35.1265676141077,0,10.59,1,0.489,6.064,59.1,4.2392,4,277,18.6,381.32,14.66
40.2409632365951,0,10.59,1,0.489,5.344,100,3.875,4,277,18.6,396.9,23.09
34.1207040904921,0,10.59,1,0.489,5.96,92.1,3.8771,4,277,18.6,393.25,17.27
41.1534413452963,0,10.59,1,0.489,5.404,88.6,3.665,4,277,18.6,395.24,23.98
36.9299380681916,0,10.59,1,0.489,5.807,53.8,3.6526,4,277,18.6,390.94,16.03
31.9809511198032,0,10.59,0,0.489,6.375,32.3,3.9454,4,277,18.6,385.81,9.38
54.9176668978605,0,10.59,0,0.489,5.412,9.8,3.5875,4,277,18.6,348.93,29.55
31.0042497121526,0,10.59,0,0.489,6.182,42.4,3.9454,4,277,18.6,393.63,9.47
33.9142506259444,0,13.89,1,0.55,5.888,56,3.1121,5,276,16.4,392.8,13.51
26.8016649160587,0,13.89,0,0.55,6.642,85.1,3.4211,5,276,16.4,392.78,9.69
34.2390149375283,0,13.89,1,0.55,5.951,93.8,2.8893,5,276,16.4,396.9,17.92
26.8835928071894,0,13.89,1,0.55,6.373,92.4,3.3633,5,276,16.4,393.74,10.5
30.1456755300506,0,6.2,1,0.507,6.951,88.5,2.8617,8,307,17.4,391.7,9.71
41.9831848743992,0,6.2,1,0.507,6.164,91.3,3.048,8,307,17.4,395.24,21.46
31.5555966075553,0,6.2,1,0.507,6.879,77.7,3.2721,8,307,17.4,390.39,9.93
28.5466986198256,0,6.2,0,0.507,6.618,80.8,3.2721,8,307,17.4,396.9,7.6
25.154338519286,0,6.2,0,0.504,8.266,78.3,2.8944,8,307,17.4,385.05,4.14
25.1754403961537,0,6.2,0,0.504,8.725,83,2.8944,8,307,17.4,382,4.63
23.2301956191408,0,6.2,0,0.504,8.04,86.5,3.2157,8,307,17.4,387.38,3.13
27.4109319165292,0,6.2,0,0.504,7.163,79.9,3.2157,8,307,17.4,372.08,6.36
31.3165329104408,0,6.2,0,0.504,7.686,17,3.3751,8,307,17.4,377.51,3.92
30.9290811930908,0,6.2,0,0.504,6.552,21.4,3.3751,8,307,17.4,380.34,3.76
34.1607534894203,0,6.2,0,0.504,5.981,68.1,3.6715,8,307,17.4,378.35,11.65
26.4525336271026,0,6.2,0,0.504,7.412,76.9,3.6715,8,307,17.4,376.14,5.25
23.8673651564303,0,6.2,0,0.507,8.337,73.3,3.8384,8,307,17.4,385.91,2.47
25.7656946424686,0,6.2,0,0.507,8.247,70.4,3.6519,8,307,17.4,378.95,3.95
30.5662926530817,0,6.2,1,0.507,6.726,66.5,3.6519,8,307,17.4,360.2,8.05
33.7963181474146,0,6.2,0,0.507,6.086,61.5,3.6519,8,307,17.4,376.75,10.88
30.8969456275565,0,6.2,1,0.507,6.631,76.5,4.148,8,307,17.4,388.45,9.54
26.4421385963883,0,6.2,0,0.507,7.358,71.6,4.148,8,307,17.4,390.07,4.73
32.7175897672826,30,4.93,0,0.428,6.481,18.5,6.1899,6,300,16.6,379.41,6.36
31.3680147426702,30,4.93,0,0.428,6.606,42.2,6.1899,6,300,16.6,383.78,7.37
34.371819288379,30,4.93,0,0.428,6.897,54.3,6.3361,6,300,16.6,391.25,11.38
34.2245632140105,30,4.93,0,0.428,6.095,65.1,6.3361,6,300,16.6,394.62,12.4
34.7926959110794,30,4.93,0,0.428,6.358,52.9,7.0355,6,300,16.6,372.75,11.22
32.9896827339654,30,4.93,0,0.428,6.393,7.8,7.0355,6,300,16.6,374.71,5.19
36.8375074975543,22,5.86,0,0.431,5.593,76.5,7.9549,7,330,19.1,372.49,12.5
44.6555378293594,22,5.86,0,0.431,5.605,70.2,7.9549,7,330,19.1,389.13,18.46
37.4267090806641,22,5.86,0,0.431,6.108,34.9,8.0555,7,330,19.1,390.18,9.16
34.5218314210951,22,5.86,0,0.431,6.226,79.2,8.0555,7,330,19.1,376.14,10.15
36.5851578074383,22,5.86,0,0.431,6.433,49.1,7.8265,7,330,19.1,374.71,9.52
37.0991189811618,22,5.86,0,0.431,6.718,17.5,7.8265,7,330,19.1,393.74,6.56
36.09239143752,22,5.86,0,0.431,6.487,13,7.3967,7,330,19.1,396.28,5.9
34.1561722558987,22,5.86,0,0.431,6.438,8.9,7.3967,7,330,19.1,377.07,3.59
34.7029333573226,22,5.86,0,0.431,6.957,6.8,8.9067,7,330,19.1,386.09,3.53
34.7233421842218,22,5.86,0,0.431,8.259,8.4,8.9067,7,330,19.1,396.9,3.54
33.8861329318257,80,3.64,0,0.392,6.108,32,9.2203,1,315,16.4,392.89,6.57
37.6599690432598,80,3.64,0,0.392,5.876,19.1,9.2203,1,315,16.4,395.18,9.25
21.2969778580255,90,3.75,0,0.394,7.454,34.2,6.3361,3,244,15.9,386.34,3.11
20.0807934633847,20,3.97,0,0.647,8.704,86.9,1.801,5,264,13,389.7,5.12
21.6612064544187,20,3.97,0,0.647,7.333,100,1.8946,5,264,13,383.29,7.79
20.7776917692256,20,3.97,0,0.647,6.842,100,2.0107,5,264,13,391.93,6.9
25.6199003206156,20,3.97,0,0.647,7.203,81.8,2.1121,5,264,13,392.8,9.59
22.3359962474355,20,3.97,0,0.647,7.52,89.4,2.1398,5,264,13,388.37,7.26
20.7315396515122,20,3.97,0,0.647,8.398,91.5,2.2885,5,264,13,386.86,5.91
26.0517079323207,20,3.97,0,0.647,7.327,94.5,2.0788,5,264,13,393.42,11.25
22.9942790252082,20,3.97,0,0.647,7.206,91.6,1.9301,5,264,13,387.89,8.1
28.6571485979607,20,3.97,0,0.647,5.56,62.8,1.9865,5,264,13,392.4,10.45
30.7814023282113,20,3.97,0,0.647,7.014,84.6,2.1329,5,264,13,384.07,14.79
24.8869855498124,20,3.97,0,0.575,8.297,67,2.4216,5,264,13,384.54,7.44
21.7066387143761,20,3.97,0,0.575,7.47,52.6,2.872,5,264,13,390.3,3.16
27.3333640171623,20,6.96,1,0.464,5.92,61.5,3.9175,3,223,18.6,391.34,13.65
28.6087365213542,20,6.96,0,0.464,5.856,42.1,4.429,3,223,18.6,388.65,13
24.5917851488084,20,6.96,0,0.464,6.24,16.3,4.429,3,223,18.6,396.9,6.59
21.4984462763915,20,6.96,0,0.464,6.538,58.7,3.9175,3,223,18.6,394.96,7.73
20.699710166965,20,6.96,1,0.464,7.691,51.8,4.3665,3,223,18.6,390.77,6.58
23.2197544676949,40,6.41,1,0.447,6.758,32.9,4.0776,4,254,17.6,396.9,3.53
21.6944264868041,40,6.41,0,0.447,6.854,42.8,4.2673,4,254,17.6,396.9,2.98
24.180993632878,40,6.41,1,0.447,7.267,49,4.7872,4,254,17.6,389.25,6.05
24.428464325008,40,6.41,1,0.447,6.826,27.6,4.8628,4,254,17.6,393.45,4.16
27.1977169948629,40,6.41,0,0.447,6.482,32.1,4.1403,4,254,17.6,396.9,7.19
20.1049701978874,20,3.33,0,0.4429,6.812,32.2,4.1007,5,216,14.9,396.9,4.85
15.387730813647,20,3.33,0,0.4429,7.82,64.5,4.6947,5,216,14.9,387.31,3.76
19.6451582975871,20,3.33,0,0.4429,6.968,37.2,5.2447,5,216,14.9,392.23,4.59
16.4363237127174,20,3.33,1,0.4429,7.645,49.7,5.2119,5,216,14.9,377.07,3.01
17.4999858079743,90,1.21,1,0.401,7.923,24.8,5.885,1,198,13.6,395.52,3.16
32.3750571980779,90,2.97,0,0.4,7.088,20.8,7.3073,1,285,15.3,394.72,7.85
33.4444954917415,55,2.25,0,0.389,6.453,31.9,7.3073,1,300,15.3,394.72,8.23
31.881586750983,80,1.76,0,0.385,6.23,31.5,9.0892,1,241,18.2,341.6,12.93
31.8120220263099,52.5,5.32,0,0.405,6.209,31.3,7.3172,6,293,16.6,396.9,7.14
30.5898912425342,52.5,5.32,0,0.405,6.315,45.6,7.3172,6,293,16.6,396.9,7.6
35.3138523010245,52.5,5.32,0,0.405,6.565,22.9,7.3172,6,293,16.6,371.72,9.51
22.4889038624646,80,4.95,0,0.411,6.861,27.9,5.1167,4,245,19.2,396.9,3.33
22.7874956322568,80,4.95,0,0.411,7.148,27.7,5.1167,4,245,19.2,396.9,3.56
24.4039804817226,80,4.95,0,0.411,6.63,23.4,5.1167,4,245,19.2,396.9,4.7
34.4508117071565,0,13.92,0,0.437,6.127,18.4,5.5027,4,289,16,396.9,8.58
33.6318755746879,0,13.92,0,0.437,6.009,42.3,5.5027,4,289,16,396.9,10.4
30.3537038364182,0,13.92,0,0.437,6.678,31.1,5.9604,4,289,16,396.9,6.27
29.4713011665973,0,13.92,0,0.437,6.549,51,5.9604,4,289,16,392.85,7.39
37.6620036330119,0,13.92,0,0.437,5.79,58,6.32,4,289,16,396.9,15.84
38.3577758212346,70,2.24,0,0.4,6.345,20.1,7.8278,5,358,14.8,368.24,4.97
39.4268013415916,70,2.24,0,0.4,7.041,10,7.8278,5,358,14.8,371.58,4.74
36.1672608808383,70,2.24,0,0.4,6.871,47.4,7.8278,5,358,14.8,390.86,6.07
37.3683352315817,34,6.09,0,0.433,6.59,40.4,5.4917,7,329,16.1,395.75,9.5
38.4116380991742,34,6.09,0,0.433,6.495,18.4,5.4917,7,329,16.1,383.61,8.67
35.0650664472726,34,6.09,0,0.433,6.982,17.7,5.4917,7,329,16.1,390.43,4.86
22.1806406724718,33,2.18,0,0.472,7.236,41.1,4.022,7,222,18.4,393.68,6.93
22.5813826362495,33,2.18,0,0.472,6.616,58.1,3.37,7,222,18.4,393.36,8.93
18.3471248819266,33,2.18,0,0.472,7.42,71.9,3.0992,7,222,18.4,396.9,6.47
19.9002635488301,33,2.18,0,0.472,6.849,70.3,3.1827,7,222,18.4,396.9,7.53
24.7599796626847,0,9.9,0,0.544,6.635,82.5,3.3175,4,304,18.4,396.9,4.54
31.4437377407519,0,9.9,0,0.544,5.972,76.7,3.1025,4,304,18.4,396.24,9.97
37.8955856244205,0,9.9,0,0.544,4.973,37.8,2.5194,4,304,18.4,350.45,12.64
29.4954831297558,0,9.9,0,0.544,6.122,52.8,2.6403,4,304,18.4,396.9,5.98
31.6775366334952,0,9.9,0,0.544,6.023,90.4,2.834,4,304,18.4,396.3,11.72
28.2312514686222,0,9.9,0,0.544,6.266,82.8,3.2628,4,304,18.4,393.39,7.9
29.2274606341942,0,9.9,0,0.544,6.567,87.3,3.6023,4,304,18.4,395.69,9.28
32.6821138360706,0,9.9,0,0.544,5.705,77.7,3.945,4,304,18.4,396.42,11.5
39.7940361835266,0,9.9,0,0.544,5.914,83.2,3.9986,4,304,18.4,390.7,18.33
37.5400967268205,0,9.9,0,0.544,5.782,71.7,4.0317,4,304,18.4,396.9,15.94
32.403475294503,0,9.9,0,0.544,6.382,67.2,3.5325,4,304,18.4,395.21,10.36
35.9435340017776,0,9.9,0,0.544,6.113,58.8,4.0019,4,304,18.4,396.23,12.73
28.764227522141,0,7.38,0,0.493,6.426,52.3,4.5404,5,287,19.6,396.9,7.2
28.1640630040104,0,7.38,0,0.493,6.376,54.3,4.5404,5,287,19.6,396.9,6.87
29.5124564381302,0,7.38,0,0.493,6.041,49.9,4.7211,5,287,19.6,396.9,7.7
31.4191285330804,0,7.38,0,0.493,5.708,74.3,4.7211,5,287,19.6,391.13,11.74
28.8284639807853,0,7.38,0,0.493,6.415,40.1,4.7211,5,287,19.6,396.9,6.12
30.4232897782886,0,7.38,0,0.493,6.431,14.7,5.4159,5,287,19.6,393.68,5.08
29.9791962874623,0,7.38,0,0.493,6.312,28.9,5.4159,5,287,19.6,396.9,6.15
36.111928019646,0,7.38,0,0.493,6.083,43.7,5.4159,5,287,19.6,396.9,12.79
52.1740665686242,0,3.24,0,0.46,5.868,25.8,5.2146,4,430,16.9,382.44,9.97
48.1482363911527,0,3.24,0,0.46,6.333,17.2,5.2146,4,430,16.9,375.21,7.34
50.4714593692037,0,3.24,0,0.46,6.144,32.2,5.8736,4,430,16.9,368.57,9.09
39.1189139131631,35,6.06,0,0.4379,5.706,28.4,6.6407,1,304,16.9,394.02,12.43
34.7193062654615,35,6.06,0,0.4379,6.031,23.3,6.6407,1,304,16.9,362.25,7.83
21.5703644507767,0,5.19,0,0.515,6.316,38.1,6.4584,5,224,20.2,389.71,5.68
22.5386849069284,0,5.19,0,0.515,6.31,38.5,6.4584,5,224,20.2,389.4,6.75
24.3485178763639,0,5.19,0,0.515,6.037,34.5,5.9853,5,224,20.2,396.9,8.01
24.9696496193089,0,5.19,0,0.515,5.869,46.3,5.2311,5,224,20.2,396.9,9.8
24.3394528836191,0,5.19,0,0.515,5.895,59.6,5.615,5,224,20.2,394.81,10.56
24.5620424160098,0,5.19,0,0.515,6.059,37.3,4.8122,5,224,20.2,396.14,8.51
24.9983995311033,0,5.19,0,0.515,5.985,45.4,4.8122,5,224,20.2,396.9,9.74
23.1241347609496,0,5.19,0,0.515,5.968,58.5,4.8122,5,224,20.2,396.9,9.29
26.985714188959,35,1.52,0,0.442,7.241,49.3,7.0379,1,284,15.5,394.74,5.49
45.0600018520603,0,1.89,0,0.518,6.54,59.7,6.2669,1,422,15.9,389.96,8.65
37.524663467252,55,3.78,0,0.484,6.696,56.4,5.7321,5,370,17.6,396.9,7.18
38.2210094091449,55,3.78,0,0.484,6.874,28.1,6.4654,5,370,17.6,387.97,4.61
39.8120446366666,0,4.39,0,0.442,6.014,48.5,8.0136,3,352,18.8,385.64,10.53
41.7674503255126,0,4.39,0,0.442,5.898,52.3,8.0136,3,352,18.8,364.61,12.67
38.4524331116557,85,4.15,0,0.429,6.516,27.7,8.5353,4,351,17.9,392.43,6.36
29.1718317795863,80,2.01,0,0.435,6.635,29.7,8.344,4,280,17,390.94,5.99
34.6831133911779,40,1.25,0,0.429,6.939,34.5,8.7921,1,335,19.7,389.85,5.89
33.9247129230917,40,1.25,0,0.429,6.49,44.4,8.7921,1,335,19.7,396.9,5.98
42.8025446502669,60,1.69,0,0.411,6.579,35.9,10.7103,4,411,18.3,370.78,5.49
47.5098925825823,60,1.69,0,0.411,5.884,18.5,10.7103,4,411,18.3,392.33,7.79
16.2068668661927,90,2.02,0,0.41,6.728,36.1,12.1265,5,187,17,384.46,4.5
38.5329542798163,80,1.91,0,0.413,5.663,21.9,10.5857,4,334,22,382.8,8.05
35.9261057996216,80,1.91,0,0.413,5.936,19.5,10.5857,4,334,22,376.04,5.57
78.0628190661156,0,18.1,1,0.77,6.212,97.4,2.1222,24,666,20.2,377.73,17.6
73.3203057272997,0,18.1,1,0.77,6.395,91,2.5052,24,666,20.2,391.34,13.27
76.0584047567988,0,18.1,1,0.77,6.127,83.4,2.7227,24,666,20.2,395.43,11.48
77.5875013575218,0,18.1,0,0.77,6.112,81.3,2.5091,24,666,20.2,390.74,12.67
70.5290892267724,0,18.1,0,0.77,6.398,88,2.5182,24,666,20.2,374.56,7.79
74.5374999252122,0,18.1,0,0.77,6.251,91.1,2.2955,24,666,20.2,350.65,14.19
69.8945051914094,0,18.1,0,0.77,5.362,96.2,2.1036,24,666,20.2,380.79,10.19
76.4680123438168,0,18.1,1,0.77,5.803,89,1.9047,24,666,20.2,353.04,14.64
66.0257911059751,0,18.1,1,0.718,8.78,82.9,1.9047,24,666,20.2,354.55,5.29
68.2808675170884,0,18.1,0,0.718,3.561,87.9,1.6132,24,666,20.2,354.7,7.12
74.9961740550716,0,18.1,0,0.718,4.963,91.4,1.7523,24,666,20.2,316.03,14
20.3474924619518,18.1,0,0.631,3.863,100,1.5106,24,666,20.2,131.42,13.33,23.1
63.6644039015726,0,18.1,0,0.631,4.97,100,1.3325,24,666,20.2,375.52,3.26
64.8540090633328,0,18.1,1,0.631,6.683,96.8,1.3567,24,666,20.2,375.33,3.73
64.1031891652365,0,18.1,1,0.631,7.016,97.5,1.2024,24,666,20.2,392.05,2.96
70.3830408221051,0,18.1,0,0.631,6.216,100,1.1691,24,666,20.2,366.15,9.53
71.1213297038719,0,18.1,1,0.668,5.875,89.6,1.1296,24,666,20.2,347.88,8.88
10.9893806007531,18.1,0,0.668,4.906,100,1.1742,24,666,20.2,396.9,34.77,13.8
11.0462076382082,18.1,0,0.668,4.138,100,1.137,24,666,20.2,396.9,37.97,13.8
11.82821057487,18.1,0,0.671,7.313,97.9,1.3163,24,666,20.2,396.9,13.44,15
10.8216188073179,18.1,0,0.671,6.649,93.3,1.3449,24,666,20.2,363.02,23.24,13.9
81.8601538544207,0,18.1,0,0.671,6.794,98.8,1.358,24,666,20.2,396.9,21.24
10.2762846903462,18.1,0,0.671,6.38,96.2,1.3861,24,666,20.2,396.9,23.69,13.1
7.18263707054305,18.1,0,0.671,6.223,100,1.3861,24,666,20.2,393.74,21.78,10.2
7.10841476402263,18.1,0,0.671,6.968,91.9,1.4165,24,666,20.2,396.9,17.21,10.4
7.64041720270165,18.1,0,0.671,6.545,99.1,1.5192,24,666,20.2,396.9,21.08,10.9
86.1805001775786,0,18.1,0,0.7,5.536,100,1.5804,24,666,20.2,396.9,23.6
85.9734960590199,0,18.1,0,0.7,5.52,100,1.5331,24,666,20.2,396.9,24.56
4.56142162228105,18.1,0,0.7,4.368,91.2,1.4395,24,666,20.2,285.83,30.63,8.8
2.90381728103893,18.1,0,0.7,5.277,98.1,1.4261,24,666,20.2,396.9,30.81,7.2
7.34299951934558,18.1,0,0.7,4.652,100,1.4672,24,666,20.2,396.9,28.28,10.5
2.92128238450593,18.1,0,0.7,5,89.5,1.5184,24,666,20.2,396.9,31.99,7.4
6.52289252782316,18.1,0,0.7,4.88,100,1.5895,24,666,20.2,372.92,30.62,10.2
82.6681326090637,0,18.1,0,0.7,5.39,98.9,1.7281,24,666,20.2,396.9,20.85
79.2420396300803,0,18.1,0,0.7,5.713,97,1.9265,24,666,20.2,394.43,17.11
80.7525315847976,0,18.1,0,0.7,6.051,82.5,2.1678,24,666,20.2,378.38,18.76
5.62573612198556,18.1,0,0.7,5.036,97,1.77,24,666,20.2,396.9,25.68,9.7
76.4894504042032,0,18.1,0,0.693,6.193,92.6,1.7912,24,666,20.2,396.9,15.17
8.69371914024869,18.1,0,0.693,5.887,94.7,1.7821,24,666,20.2,396.9,16.35,12.7
79.850641793066,0,18.1,0,0.693,6.471,98.8,1.7257,24,666,20.2,391.98,17.12
79.1544154503512,0,18.1,0,0.693,6.405,96,1.6768,24,666,20.2,396.9,19.37
80.6507836972728,0,18.1,0,0.693,5.747,98.9,1.6334,24,666,20.2,393.1,19.92
1.31228177464084,18.1,0,0.693,5.453,100,1.4896,24,666,20.2,396.9,30.59,5
92.3662878199939,0,18.1,0,0.693,5.852,77.8,1.5004,24,666,20.2,338.16,29.97
2.37992998735041,18.1,0,0.693,5.987,100,1.5888,24,666,20.2,396.9,26.77,5.6
3.39988576628532,18.1,0,0.693,6.343,100,1.5741,24,666,20.2,396.9,20.32,7.2
80.8849590676526,0,18.1,0,0.693,6.404,100,1.639,24,666,20.2,376.11,20.31
5.42204621295496,18.1,0,0.693,5.349,96,1.7028,24,666,20.2,396.9,19.77,8.3
4.72630501776951,18.1,0,0.693,5.531,85.4,1.6074,24,666,20.2,329.46,27.38,8.5
0,18.1,0,0.693,5.683,100,1.4254,24,666,20.2,384.97,22.98,5
7.72287393179207,18.1,0,0.659,4.138,100,1.1781,24,666,20.2,370.22,23.34,11.9
25.4868452576519,18.1,0,0.659,5.608,100,1.2852,24,666,20.2,332.09,12.13,27.9
88.2542413188419,0,18.1,0,0.597,5.617,97.9,1.4547,24,666,20.2,314.64,26.4
25.0552189626155,18.1,0,0.597,6.852,100,1.4655,24,666,20.2,179.36,19.78,27.5
11.4026376438519,18.1,0,0.597,5.757,100,1.413,24,666,20.2,2.6,10.11,15
14.4158485424292,18.1,0,0.597,6.657,100,1.5275,24,666,20.2,35.05,21.22,17.2
14.5592591832628,18.1,0,0.597,4.628,100,1.5539,24,666,20.2,28.79,34.37,17.9
13.5688379809149,18.1,0,0.597,5.155,100,1.5894,24,666,20.2,210.97,20.08,16.3
2.6573586314276,18.1,0,0.693,4.519,100,1.6582,24,666,20.2,88.27,36.98,7
3.10738288509323,18.1,0,0.679,6.434,100,1.8347,24,666,20.2,27.25,29.05,7.2
3.90532658551534,18.1,0,0.679,6.782,90.8,1.8195,24,666,20.2,21.57,25.79,7.5
6.96324222231469,18.1,0,0.679,5.304,89.1,1.6475,24,666,20.2,127.36,26.64,10.4
4.64769337692871,18.1,0,0.679,5.957,100,1.8026,24,666,20.2,16.45,20.62,8.8
5.31058741819639,18.1,0,0.718,6.824,76.5,1.794,24,666,20.2,48.45,22.74,8.4
13.3092652814622,18.1,0,0.718,6.411,100,1.8589,24,666,20.2,318.75,15.02,16.7
76.3140633170284,0,18.1,0,0.718,6.006,95.3,1.8746,24,666,20.2,319.98,15.7
17.5997322452862,18.1,0,0.614,5.648,87.6,1.9512,24,666,20.2,291.55,14.1,20.8
85.5035124229025,0,18.1,0,0.614,6.103,85.1,2.0218,24,666,20.2,2.52,23.29
79.5252743778998,0,18.1,0,0.584,5.565,70.6,2.0635,24,666,20.2,3.65,17.16
4.79420246702922,18.1,0,0.679,5.896,95.4,1.9096,24,666,20.2,7.68,24.39,8.3
5.81547356069625,18.1,0,0.584,5.837,59.7,1.9976,24,666,20.2,24.65,15.69,10.2
7.80528063262306,18.1,0,0.679,6.202,78.7,1.8629,24,666,20.2,18.82,14.52,10.9
83.6876244186496,0,18.1,0,0.679,6.193,78.1,1.9356,24,666,20.2,96.73,21.52
85.2394419539961,0,18.1,0,0.679,6.38,95.6,1.9682,24,666,20.2,60.72,24.08
81.5042785061628,0,18.1,0,0.584,6.348,86.1,2.0527,24,666,20.2,83.45,17.64
10.627802469851,18.1,0,0.584,6.833,94.3,2.0882,24,666,20.2,81.33,19.69,14.1
76.3067683414119,0,18.1,0,0.584,6.425,74.8,2.2004,24,666,20.2,97.95,12.03
78.2751386264537,0,18.1,0,0.713,6.436,87.9,2.3158,24,666,20.2,100.19,16.22
7.70072951345337,18.1,0,0.713,6.208,95,2.2222,24,666,20.2,100.63,15.17,11.7
10.4208831294812,18.1,0,0.74,6.629,94.6,2.1247,24,666,20.2,109.85,23.27,13.4
6.37021251524205,18.1,0,0.74,6.461,93.3,2.0026,24,666,20.2,27.49,18.05,9.6
5.72901538490068,18.1,0,0.74,6.152,100,1.9142,24,666,20.2,9.32,26.45,8.7
5.18723516860944,18.1,0,0.74,5.935,87.9,1.8206,24,666,20.2,68.95,34.02,8.4
85.576818605231,0,18.1,0,0.74,5.627,93.9,1.8172,24,666,20.2,396.9,22.88
7.46469712109808,18.1,0,0.74,5.818,92.4,1.8662,24,666,20.2,391.45,22.11,10.5
80.3341912434939,0,18.1,0,0.74,6.406,97.2,2.0651,24,666,20.2,385.96,19.52
78.9386525564933,0,18.1,0,0.74,6.219,100,2.0048,24,666,20.2,395.69,16.59
80.6921035778563,0,18.1,0,0.74,6.485,100,1.9784,24,666,20.2,386.73,18.85
7.52956084067027,18.1,0,0.74,5.854,96.6,1.8956,24,666,20.2,240.52,23.79,10.8
9.04209413346972,18.1,0,0.74,6.459,94.8,1.9879,24,666,20.2,43.06,23.98,11.8
80.2583674697315,0,18.1,0,0.74,6.341,96.4,2.072,24,666,20.2,318.01,17.79
76.1935338777646,0,18.1,0,0.74,6.251,96.6,2.198,24,666,20.2,388.52,16.44
79.6029277604645,0,18.1,0,0.713,6.185,98.7,2.2616,24,666,20.2,396.9,18.13
79.2100868836192,0,18.1,0,0.713,6.417,98.3,2.185,24,666,20.2,304.21,19.31
78.5426317177455,0,18.1,0,0.713,6.749,92.6,2.3236,24,666,20.2,0.32,17.44
77.625340085509,0,18.1,0,0.713,6.655,98.2,2.3552,24,666,20.2,355.29,17.73
79.7637986816736,0,18.1,0,0.713,6.297,91.8,2.3682,24,666,20.2,385.09,17.27
77.11293047995,0,18.1,0,0.713,7.393,99.3,2.4527,24,666,20.2,375.87,16.74
77.9521356435828,0,18.1,0,0.713,6.728,94.1,2.4961,24,666,20.2,6.68,18.71
81.2790767813748,0,18.1,0,0.713,6.525,86.5,2.4358,24,666,20.2,50.92,18.13
82.5367415327425,0,18.1,0,0.713,5.976,87.9,2.5806,24,666,20.2,10.48,19.01
80.619138901958,0,18.1,0,0.713,5.936,80.3,2.7792,24,666,20.2,3.5,16.94
79.3182143285807,0,18.1,0,0.713,6.301,83.7,2.7831,24,666,20.2,272.21,16.23
77.5005646258853,0,18.1,0,0.713,6.081,84.4,2.7175,24,666,20.2,396.9,14.7
80.0659608009746,0,18.1,0,0.713,6.701,90,2.5975,24,666,20.2,255.23,16.42
75.1497081037278,0,18.1,0,0.713,6.376,88.4,2.5671,24,666,20.2,391.43,14.65
75.9217264419108,0,18.1,0,0.713,6.317,83,2.7344,24,666,20.2,396.9,13.99
73.5442964031864,0,18.1,0,0.713,6.513,89.9,2.8016,24,666,20.2,393.82,10.29
75.4170293054165,0,18.1,0,0.655,6.209,65.4,2.9634,24,666,20.2,396.9,13.22
80.1390367740601,0,18.1,0,0.655,5.759,48.2,3.0665,24,666,20.2,334.4,14.13
81.9849426761032,0,18.1,0,0.655,5.952,84.7,2.8715,24,666,20.2,22.01,17.15
80.9451242251572,0,18.1,0,0.584,6.003,94.5,2.5403,24,666,20.2,331.29,21.32
15.595028675634,18.1,0,0.58,5.926,71,2.9084,24,666,20.2,368.74,18.13,19.1
17.2300027632409,18.1,0,0.58,5.713,56.7,2.8237,24,666,20.2,396.9,14.76,20.1
77.5008183122383,0,18.1,0,0.58,6.167,84,3.0334,24,666,20.2,396.9,16.29
76.6762516901963,0,18.1,0,0.532,6.229,90.7,3.0993,24,666,20.2,395.33,12.87
78.7238462062581,0,18.1,0,0.58,6.437,75,2.8965,24,666,20.2,393.37,14.36
75.9634900387446,0,18.1,0,0.614,6.98,67.6,2.5329,24,666,20.2,374.68,11.66
80.2317265961257,0,18.1,0,0.584,5.427,95.4,2.4298,24,666,20.2,352.58,18.14
86.404913760133,0,18.1,0,0.584,6.162,97.4,2.206,24,666,20.2,302.76,24.1
79.770768119226,0,18.1,0,0.614,6.484,93.6,2.3053,24,666,20.2,396.21,18.68
8.97872046063824,18.1,0,0.614,5.304,97.3,2.1007,24,666,20.2,349.48,24.91,12
10.5872535929565,18.1,0,0.614,6.185,96.7,2.1705,24,666,20.2,379.7,18.03,14.6
18.2760130937932,18.1,0,0.614,6.229,88,1.9512,24,666,20.2,383.32,13.11,21.4
73.511359851073,0,18.1,0,0.532,6.242,64.7,3.4242,24,666,20.2,396.9,10.74
70.8622898890215,0,18.1,0,0.532,6.75,74.9,3.3317,24,666,20.2,393.07,7.74
67.6903324445722,0,18.1,0,0.532,7.061,77,3.4106,24,666,20.2,395.28,7.01
75.9613282879318,0,18.1,0,0.532,5.762,40.3,4.0983,24,666,20.2,392.92,10.42
80.0431502191638,0,18.1,0,0.583,5.871,41.9,3.724,24,666,20.2,370.73,13.34
76.805270135091,0,18.1,0,0.583,6.312,51.9,3.9917,24,666,20.2,388.62,10.58
79.9082667284429,0,18.1,0,0.583,6.114,79.8,3.5459,24,666,20.2,392.68,14.98
78.9791014808776,0,18.1,0,0.583,5.905,53.2,3.1523,24,666,20.2,388.22,11.45
83.9763251072247,0,27.74,0,0.609,5.454,92.7,1.8209,4,711,20.1,395.09,18.06
93.4034441633716,0,27.74,0,0.609,5.414,98.3,1.7554,4,711,20.1,344.05,23.97
100,0,27.74,0,0.609,5.093,98,1.8226,4,711,20.1,318.43,29.68
86.4542278446417,0,27.74,0,0.609,5.983,98.8,1.8681,4,711,20.1,390.11,18.07
78.683570807327,0,27.74,0,0.609,5.983,83.5,2.1099,4,711,20.1,396.9,13.35
46.2439863080364,0,9.69,0,0.585,5.707,54,2.3817,6,391,19.2,396.9,12.01
47.6363522868245,0,9.69,0,0.585,5.926,42.6,2.3817,6,391,19.2,396.9,13.59
54.1532804688465,0,9.69,0,0.585,5.67,28.8,2.7986,6,391,19.2,393.29,17.6
52.9570979240499,0,9.69,0,0.585,5.39,72.9,2.7986,6,391,19.2,396.9,21.14
45.8173440195255,0,9.69,0,0.585,5.794,70.6,2.8927,6,391,19.2,396.9,14.1
45.9672483343401,0,9.69,0,0.585,6.019,65.3,2.4091,6,391,19.2,396.9,12.92
46.8730904386475,0,9.69,0,0.585,5.569,73.5,2.3999,6,391,19.2,395.77,15.1
46.2930039656885,0,9.69,0,0.585,6.027,79.7,2.4982,6,391,19.2,396.9,14.33
28.0448540854103,0,11.93,0,0.573,6.593,69.1,2.4786,1,273,21,391.99,9.67
26.6913542596857,0,11.93,0,0.573,6.12,76.7,2.2875,1,273,21,396.9,9.08
21.4817642596413,0,11.93,0,0.573,6.976,91,2.1675,1,273,21,396.9,5.64
22.5217961234777,0,11.93,0,0.573,6.794,89.3,2.3889,1,273,21,393.45,6.48
24.9456253532687,0,11.93,0,0.573,6.03,80.8,2.505,1,273,21,396.9,7.88
